<?xml version='1.1' encoding='UTF-8'?>
<project>
  <description></description>
  <keepDependencies>false</keepDependencies>
  <properties/>
  <scm class="hudson.plugins.git.GitSCM" plugin="git@3.8.0">
    <configVersion>2</configVersion>
    <userRemoteConfigs>
      <hudson.plugins.git.UserRemoteConfig>
        <url>https://github.com/DIGITALAPPLICATION/WebApp.git</url>
        <credentialsId>jenkinsGitHub</credentialsId>
      </hudson.plugins.git.UserRemoteConfig>
    </userRemoteConfigs>
    <branches>
      <hudson.plugins.git.BranchSpec>
        <name>*/master</name>
      </hudson.plugins.git.BranchSpec>
    </branches>
    <doGenerateSubmoduleConfigurations>false</doGenerateSubmoduleConfigurations>
    <submoduleCfg class="list"/>
    <extensions/>
  </scm>
  <canRoam>true</canRoam>
  <disabled>false</disabled>
  <blockBuildWhenDownstreamBuilding>false</blockBuildWhenDownstreamBuilding>
  <blockBuildWhenUpstreamBuilding>false</blockBuildWhenUpstreamBuilding>
  <triggers/>
  <concurrentBuild>false</concurrentBuild>
  <builders>
    <hudson.tasks.Maven>
      <targets>-V install</targets>
      <mavenName>maven-3.5.3</mavenName>
      <usePrivateRepository>false</usePrivateRepository>
      <settings class="jenkins.mvn.DefaultSettingsProvider"/>
      <globalSettings class="jenkins.mvn.DefaultGlobalSettingsProvider"/>
      <injectBuildVariables>false</injectBuildVariables>
    </hudson.tasks.Maven>
  </builders>
  <publishers/>
  <buildWrappers/>
